hospital_size,mae,rmse,mape,r2,count
large,28.062985118313613,40.06388222464422,20.336578571779974,0.22048821658421236,106153.0
medium,27.734011866124607,40.42310998531205,19.825642715350142,0.198957538666648,80077.0
small,24.81894228437972,34.782956004203086,20.288841239355886,0.2921306985568405,41064.0
